threshold,min_component_size,fill_hole_area,postprocess,iou_background,iou_foreground,miou,kappa,accuracy,precision,recall
0.45,0,512,fill_small_holes(max_area=512),0.9610120619637776,0.8182443239730862,0.889628192968432,0.8801566605387882,0.9668334390030426,0.9036694636095921,0.8964352385579057
0.45,0,128,fill_small_holes(max_area=128),0.9610194452166779,0.8181941375409942,0.8896067913788361,0.8801302225907597,0.9668371119716291,0.9040167360338738,0.896033575330584
0.45,0,256,fill_small_holes(max_area=256),0.9610127331978882,0.8181988523136083,0.8896057927557482,0.8801295488575037,0.9668324109710741,0.9038643410472996,0.8961889973673891
0.45,512,512,remove_small_components(min_area=512)+fill_small_holes(max_area=512),0.961025155335653,0.8181398190758471,0.8895824872057501,0.8801004174360281,0.9668394385177637,0.9043476296816749,0.895643639015628
0.45,1024,512,remove_small_components(min_area=1024)+fill_small_holes(max_area=512),0.9610424973916609,0.818107078092845,0.889574787742253,0.8800897595960792,0.9668509055656141,0.9048247660844793,0.8951369369294114
0.45,512,128,remove_small_components(min_area=512)+fill_small_holes(max_area=128),0.9610318137868832,0.8180867359390758,0.8895592748629795,0.8800718622053344,0.966842494667169,0.9046928954022676,0.895241676173785
0.45,512,256,remove_small_components(min_area=512)+fill_small_holes(max_area=256),0.9610252673640794,0.8180921003393138,0.8895586838516967,0.8800716614786278,0.9668379333991146,0.9045407816969021,0.8953971042028804
0.45,0,0,none,0.9610118662663513,0.8180980126446201,0.8895549394554857,0.8800681935033973,0.9668284285948078,0.9042499815684956,0.8956893242378434
0.45,1024,128,remove_small_components(min_area=1024)+fill_small_holes(max_area=128),0.9610491538180997,0.8180539544405612,0.8895515541293304,0.8800611884218427,0.9668539617150196,0.9051708067399802,0.8947349740875684
0.45,1024,256,remove_small_components(min_area=1024)+fill_small_holes(max_area=256),0.9610426085721143,0.8180593271415482,0.8895509678568312,0.8800609890587251,0.9668494004469651,0.9050183630678714,0.8948904021166639
0.455,0,512,fill_small_holes(max_area=512),0.9610090874110822,0.8180234556435262,0.8895162715273042,0.8800217095432955,0.966823938191093,0.9044927383545859,0.8953619474349452
0.45,512,0,remove_small_components(min_area=512),0.9610241065954614,0.8179902179430956,0.8895071622692785,0.8800095339840338,0.9668337084871509,0.9049255582047732,0.8948984437704169
0.45,1024,0,remove_small_components(min_area=1024),0.9610413470867422,0.8179572547385976,0.8894993009126699,0.8799987044062968,0.9668450996802154,0.90540253649061,0.8943930539958039
0.455,512,512,remove_small_components(min_area=512)+fill_small_holes(max_area=512),0.9610283786285337,0.8179492219868962,0.889488800307715,0.8799870295173446,0.966835441170158,0.9051752556576318,0.8946053428687613
0.455,0,256,fill_small_holes(max_area=256),0.9610077323459514,0.8179687885878312,0.8894882604668912,0.8799879857434805,0.9668211405468137,0.9046844379908038,0.8951087132415003
0.455,0,128,fill_small_holes(max_area=128),0.9610106094292081,0.8179485008879929,0.8894795551586006,0.8799772476560686,0.9668225498488909,0.9048230756193546,0.8949487490485516
0.455,1024,512,remove_small_components(min_area=1024)+fill_small_holes(max_area=512),0.9610421395531421,0.817898289677927,0.8894702146155345,0.8799635272247811,0.9668437183246383,0.905655130220909,0.8940762416009286
0.455,512,256,remove_small_components(min_area=512)+fill_small_holes(max_area=256),0.9610264483368199,0.8178922669717813,0.8894593576543006,0.8799516283447777,0.9668321534640374,0.9053650516280731,0.8943519289066035
0.45,1536,512,remove_small_components(min_area=1536)+fill_small_holes(max_area=512),0.9610169721622166,0.8179006608643575,0.8894588165132871,0.8799517085964206,0.9668255690689925,0.9051418439501311,0.8945798876190273
0.455,512,128,remove_small_components(min_area=512)+fill_small_holes(max_area=128),0.9610291235162483,0.8178711632346202,0.8894501433754343,0.8799402965445298,0.9668333910947567,0.905503280862722,0.8941918568524271
0.455,1024,256,remove_small_components(min_area=1024)+fill_small_holes(max_area=256),0.9610402087788609,0.8178412936099091,0.8894407511943849,0.8799281056727704,0.9668404306185177,0.9058453761797653,0.8938228276387709
0.45,1536,128,remove_small_components(min_area=1536)+fill_small_holes(max_area=128),0.961023681131037,0.8178480341133704,0.8894358576222037,0.8799234674885676,0.9668286821094875,0.9054871208332671,0.8941799681482199
0.45,1536,256,remove_small_components(min_area=1536)+fill_small_holes(max_area=256),0.961016751489597,0.8178515745954636,0.8894341630425303,0.8799219562762877,0.9668237804929852,0.9053342251646579,0.8943333528062798
0.455,1024,128,remove_small_components(min_area=1024)+fill_small_holes(max_area=128),0.9610426651398091,0.8178193367249731,0.8894310009323911,0.8799161472484244,0.9668414826046291,0.905982896481138,0.8936627555845945
0.455,0,0,none,0.9610029765041586,0.8178521253923774,0.889427550948268,0.8799150391879521,0.9668138225561409,0.9050565990921189,0.8946050971848537
0.46,0,512,fill_small_holes(max_area=512),0.961006230754947,0.8177986372623374,0.8894024340086422,0.8798844561565267,0.9668144044421968,0.9053360202703966,0.8942683005014043
0.455,512,0,remove_small_components(min_area=512),0.9610211690994558,0.8177735880669753,0.8893973785832155,0.8798772017649779,0.9668243943178985,0.9057356182228941,0.8938488281869336
0.45,1536,0,remove_small_components(min_area=1536),0.9610162726902821,0.8177535261277199,0.889384899409001,0.879862510491798,0.9668201823810955,0.9057180468444853,0.8938419730066851
0.46,512,512,remove_small_components(min_area=512)+fill_small_holes(max_area=512),0.961027053067572,0.8177311814567095,0.8893791172621408,0.8798547046908128,0.9668272518475352,0.9060239545693527,0.8935175563952579
0.455,1024,0,remove_small_components(min_area=1024),0.9610347403762142,0.8177222211178731,0.8893784807470436,0.8798533507158153,0.9668325247532532,0.9062142885474274,0.8933218242207505
0.46,0,256,fill_small_holes(max_area=256),0.9610049549834875,0.8177468425665417,0.8893758987750147,0.879852512807322,0.9668117624998467,0.9055182053891897,0.8940287047609712
0.46,0,128,fill_small_holes(max_area=128),0.9610048122046716,0.8177135971523989,0.8893592046785352,0.8798323660359024,0.9668105568079847,0.9056487285803723,0.8938617835188367
0.46,512,256,remove_small_components(min_area=512)+fill_small_holes(max_area=256),0.9610257718784455,0.8176792842682251,0.8893525280733353,0.8798227032286449,0.9668246049147385,0.9062068606058428,0.8932777988629833
0.455,1536,512,remove_small_components(min_area=1536)+fill_small_holes(max_area=512),0.9610149311767358,0.8176881271897494,0.8893515291832426,0.879822323529184,0.9668170433902791,0.9059537848015351,0.8935344007236482
0.46,512,128,remove_small_components(min_area=512)+fill_small_holes(max_area=128),0.9610256207358032,0.8176459613729459,0.8893357910543745,0.8798025100781018,0.9668233922362515,0.9063378369632369,0.8931108117056541
0.455,1536,256,remove_small_components(min_area=1536)+fill_small_holes(max_area=256),0.9610130019563503,0.8176310662584222,0.8893220341073862,0.8797868611409227,0.9668137556841584,0.9061443565549282,0.8932809867614905
0.455,1536,128,remove_small_components(min_area=1536)+fill_small_holes(max_area=128),0.9610155128999001,0.8176095159843253,0.8893125144421127,0.8797751776043169,0.9668148615670915,0.9062813944187346,0.8931221371345611
0.46,1024,512,remove_small_components(min_area=1024)+fill_small_holes(max_area=512),0.9610226894972023,0.817600578687368,0.8893116340922851,0.8797735709505735,0.9668197661778616,0.9064615111682842,0.8929366218152317
0.46,0,0,none,0.9609964095230383,0.8176137322957139,0.8893050709093762,0.8797676462927418,0.9668011597973212,0.9058812108721184,0.8935161601915884
0.46,1024,256,remove_small_components(min_area=1024)+fill_small_holes(max_area=256),0.9610214086583915,0.81754862924774,0.8892850189530657,0.8797415399576116,0.9668171192450651,0.9066448307205801,0.8926968642829571
0.465,0,512,fill_small_holes(max_area=512),0.9610017032403054,0.8175657629793499,0.8892837331098277,0.8797414797224975,0.9668034064963125,0.906180050751048,0.893168361662915
0.46,512,0,remove_small_components(min_area=512),0.9610169986629185,0.8175453745770144,0.8892811866199664,0.8797372465810663,0.9668138155695158,0.9065692576189677,0.8927662609983922
0.46,1024,128,remove_small_components(min_area=1024)+fill_small_holes(max_area=128),0.9610214075238261,0.8175160008712692,0.8892687041975477,0.8797218467936547,0.9668160393124535,0.9067761765528577,0.8925306741002548
0.455,1536,0,remove_small_components(min_area=1536),0.9610079398021074,0.8175142595054627,0.8892610996537851,0.8797136823521543,0.9668062211081098,0.9065123700180543,0.8927843277540296
0.465,0,256,fill_small_holes(max_area=256),0.9610007326438795,0.8175166694420245,0.889258701042952,0.8797113320363013,0.9668010779539994,0.9063578971646619,0.8929370832215946
0.465,512,512,remove_small_components(min_area=512)+fill_small_holes(max_area=512),0.9610197776627338,0.8174841717945621,0.889251974728648,0.8797017758636053,0.966813805588623,0.9068715654446087,0.8924003477757579
0.465,0,128,fill_small_holes(max_area=128),0.9610002096275229,0.8174828225021962,0.8892415160648595,0.8796906247537022,0.9667995788238861,0.906483495002585,0.8927748419582836
0.465,512,256,remove_small_components(min_area=512)+fill_small_holes(max_area=256),0.9610187748496388,0.8174348709288685,0.8892268228892537,0.879671492144456,0.9668114490998096,0.9070500003963002,0.8921689015503056
0.46,1536,512,remove_small_components(min_area=1536)+fill_small_holes(max_area=512),0.9610062927264182,0.8174331781652164,0.8892197354458173,0.8796638729035579,0.9668023455273974,0.9068055562828524,0.8924034997205226
0.46,1024,0,remove_small_components(min_area=1024),0.9610128168525744,0.8174156660443737,0.889214241448474,0.8796567518869067,0.9668064955826644,0.9070073962839992,0.8921872439513027
0.465,512,128,remove_small_components(min_area=512)+fill_small_holes(max_area=128),0.961018257246222,0.8174010081848688,0.8892096327155454,0.8796507825289709,0.9668099549601429,0.9071760570978283,0.8920066542947042
0.46,1536,256,remove_small_components(min_area=1536)+fill_small_holes(max_area=256),0.9610050127902787,0.8173811739955509,0.8891930933929149,0.879631809024858,0.9667996985946008,0.9069892172127649,0.892163742188248
0.465,1024,512,remove_small_components(min_area=1024)+fill_small_holes(max_area=512),0.9610150949651943,0.8173570131488167,0.8891860540570056,0.8796225596912093,0.9668062091310382,0.9072896969829827,0.8918444310082645
0.465,0,0,none,0.9609898707344942,0.8173744006780099,0.889182135706252,0.8796197178460308,0.96678849903468,0.9067118515360623,0.8924242030839479
0.46,1536,128,remove_small_components(min_area=1536)+fill_small_holes(max_area=128),0.9610047777379167,0.8173476107211276,0.8891761942295222,0.8796114281284273,0.9667984190441313,0.9071197000563757,0.8919975520055456
0.47,0,512,fill_small_holes(max_area=512),0.9609999495865525,0.8173416519502725,0.8891708007684125,0.8796052786153615,0.9667947221214019,0.907046476314011,0.8920612680296559
0.465,1024,256,remove_small_components(min_area=1024)+fill_small_holes(max_area=256),0.9610140924731528,0.8173076638924753,0.8891608781828141,0.8795922486410589,0.966803852642225,0.9074685165409322,0.8916129847828121
0.465,512,0,remove_small_components(min_area=512),0.9610076742268485,0.8172917137547863,0.8891496939908174,0.8795792264683238,0.9667986725588109,0.9074034036571436,0.891656866325609
0.47,0,256,fill_small_holes(max_area=256),0.9609983451434452,0.8172907324413153,0.8891445387923802,0.8795736981564021,0.9667918765688367,0.9072193204705824,0.8918335190473969
0.465,1024,128,remove_small_components(min_area=1024)+fill_small_holes(max_area=128),0.9610135750746233,0.8172737674304117,0.8891436712525175,0.8795715200532715,0.9668023585025581,0.907594844524844,0.8914507375272107
0.46,1536,0,remove_small_components(min_area=1536),0.9609965423643301,0.8172491982870898,0.8891228703257099,0.8795476775453281,0.9667891976971829,0.9073504007537994,0.8916574415854901
0.47,0,128,fill_small_holes(max_area=128),0.9609949111891427,0.8172452060632064,0.8891200586261745,0.8795444049850363,0.9667878832135882,0.9073336160650958,0.8916688988447865
0.47,512,512,remove_small_components(min_area=512)+fill_small_holes(max_area=512),0.9610079629295349,0.8172188236586907,0.8891133932941129,0.8795353931505648,0.9667964757642841,0.9077033108659269,0.891280766209249
0.47,512,256,remove_small_components(min_area=512)+fill_small_holes(max_area=256),0.9610063382831575,0.8171677405442572,0.8890870394137074,0.8795037075795659,0.9667936122461116,0.9078767349815854,0.8910528853966007
0.465,1024,0,remove_small_components(min_area=1024),0.9610031765816093,0.8171654477533495,0.8890843121674794,0.8795006489574853,0.966791243780227,0.9078221299400021,0.891102765222115
0.47,512,128,remove_small_components(min_area=512)+fill_small_holes(max_area=128),0.9610029045957945,0.8171221652683819,0.8890625349320882,0.8794743872362011,0.9667896188908631,0.9079914182002929,0.8908882651939902
0.47,0,0,none,0.9609841556623788,0.8171350645141013,0.8890596100882401,0.8794722390967595,0.966776448104595,0.9075608348276231,0.8913185176389391
0.47,1024,512,remove_small_components(min_area=1024)+fill_small_holes(max_area=512),0.9610079960162266,0.8171092791313918,0.8890586375738092,0.8794693107529955,0.9667928866351979,0.9081464103800649,0.8907237947986404
0.475,0,512,fill_small_holes(max_area=512),0.9609959371794141,0.8171085372844159,0.889052237231915,0.8794624713188682,0.9667841164246085,0.9079056788462604,0.8909546178258884
0.465,1536,512,remove_small_components(min_area=1536)+fill_small_holes(max_area=512),0.9609779352714563,0.8171047125370242,0.8890413239042403,0.8794506270797303,0.9667709356574473,0.907557774369833,0.8912853563037161
0.47,1024,256,remove_small_components(min_area=1024)+fill_small_holes(max_area=256),0.961006371545342,0.8170581497450128,0.8890322606451774,0.8794375995379347,0.9667900231170256,0.9083202259550771,0.890495913985992
0.475,0,256,fill_small_holes(max_area=256),0.9609933622781082,0.8170539093680396,0.8890236358230739,0.8794281423277297,0.9667804474483791,0.9080742604408012,0.8907274081497678
0.465,1536,256,remove_small_components(min_area=1536)+fill_small_holes(max_area=256),0.9609769345712126,0.8170552972934018,0.8890161159323071,0.8794202738608362,0.9667685791686341,0.9077368815906626,0.8910539100782637
0.47,1024,128,remove_small_components(min_area=1024)+fill_small_holes(max_area=128),0.9610029382309165,0.8170125379324791,0.8890077380816979,0.8794082581388193,0.966786029761777,0.908435175135752,0.8903312937833816
0.47,512,0,remove_small_components(min_area=512),0.9609920925394646,0.8170120596623514,0.889002076100908,0.8794022163186939,0.9667781468525661,0.9082176631555116,0.8905397535827559
0.465,1536,128,remove_small_components(min_area=1536)+fill_small_holes(max_area=128),0.9609764184083943,0.8170213545606401,0.8889988864845172,0.8793995158273015,0.9667670850289672,0.9078634125452059,0.8908916628226623
0.475,0,128,fill_small_holes(max_area=128),0.9609863871023963,0.8169927201167883,0.8889895536095922,0.8793875207586005,0.9667733709953145,0.9081804344510257,0.8905525710919794
0.475,512,512,remove_small_components(min_area=512)+fill_small_holes(max_area=512),0.9609896692261054,0.8169192228123673,0.8889544460192363,0.8793449140353271,0.9667733300736535,0.9085439224838608,0.8901160746804055
0.47,1024,0,remove_small_components(min_area=1024),0.9609922843490994,0.8169034072806772,0.8889478458148883,0.879336759875976,0.9667747064387842,0.9086608601866424,0.8899850892039618
0.465,1536,0,remove_small_components(min_area=1536),0.960966500370038,0.81691540263204,0.8889409515010389,0.87933031706292,0.9667563974888521,0.9080907521696316,0.8905469383389779
0.47,1536,512,remove_small_components(min_area=1536)+fill_small_holes(max_area=512),0.9609784883529694,0.816897730741103,0.8889381095470361,0.8793260120826474,0.9667645109566889,0.9084045129722518,0.8902244033067448
0.475,0,0,none,0.9609747785131605,0.8168793846885464,0.8889270816008534,0.8793129730841822,0.9667612152658539,0.9084036025503592,0.8902034902131546
0.475,512,256,remove_small_components(min_area=512)+fill_small_holes(max_area=256),0.9609870534985286,0.8168643138952009,0.8889256836968648,0.8793103955398316,0.9667696241681205,0.9087130577836409,0.889888625312668
0.475,1024,512,remove_small_components(min_area=1024)+fill_small_holes(max_area=512),0.9609970971447561,0.8168474762049142,0.8889222866748352,0.8793055719238371,0.9667763572784696,0.9089848230748199,0.8896081861206845
0.47,1536,256,remove_small_components(min_area=1536)+fill_small_holes(max_area=256),0.9609768653556521,0.8168465450067397,0.8889117051811959,0.8792942649200605,0.9667616474385164,0.9085785911057204,0.8899965224940966
0.475,1024,256,remove_small_components(min_area=1024)+fill_small_holes(max_area=256),0.9609944813465986,0.8167925272389176,0.8888935042927582,0.879271032154547,0.9667726513729364,0.9091543321368136,0.8893807367529469
0.48,0,512,fill_small_holes(max_area=512),0.9609758215129797,0.8168106819722867,0.8888932517426331,0.8792720713519345,0.9667597091491156,0.9087024913682642,0.8898351081668645
0.475,512,128,remove_small_components(min_area=512)+fill_small_holes(max_area=128),0.9609800796825353,0.8168030581387594,0.8888915689106474,0.8792697329475323,0.9667625477150559,0.9088196071304644,0.8897137882548795
0.47,1536,128,remove_small_components(min_area=1536)+fill_small_holes(max_area=128),0.960973433326321,0.816800892099667,0.888887162712994,0.8792648960629492,0.966757654083268,0.9086937180730772,0.889831902291486
0.48,0,256,fill_small_holes(max_area=256),0.9609781865352567,0.8167775036424654,0.888877845088861,0.8792533088999003,0.9667603329549217,0.9088846529370049,0.8896211414525876
0.475,1024,128,remove_small_components(min_area=1024)+fill_small_holes(max_area=128),0.960987507969208,0.8167312331578238,0.8888593705635159,0.8792303477112992,0.9667655749198718,0.9092611327470717,0.8892058996951584
0.48,0,128,fill_small_holes(max_area=128),0.9609682000521513,0.8167007197892444,0.8888344599206979,0.8792016745045306,0.966750559664596,0.9089929733424889,0.8894263201062251
0.475,512,0,remove_small_components(min_area=512),0.9609684898968185,0.8166900195914089,0.8888292547441137,0.8791953725201682,0.9667504179359169,0.9090421630086508,0.8893665410169254
0.47,1536,0,remove_small_components(min_area=1536),0.9609630180575113,0.8166930916694234,0.8888280548634673,0.8791943181049243,0.9667465483437403,0.9089187990367978,0.8894882983661115
0.475,1024,0,remove_small_components(min_area=1024),0.9609760718899114,0.816619205746091,0.8887976388180012,0.8791566816690595,0.9667535918598584,0.9094829207040569,0.8888611632268932
0.48,512,512,remove_small_components(min_area=512)+fill_small_holes(max_area=512),0.960964585789431,0.8166009455229309,0.888782765656181,0.8791395548603662,0.9667446549683575,0.909323661824777,0.8889916932892645
0.48,0,0,none,0.960957987893878,0.8165931361041084,0.8887755619989932,0.8791313340337745,0.9667396096269976,0.9092213917652852,0.8890802054111617
0.475,1536,512,remove_small_components(min_area=1536)+fill_small_holes(max_area=512),0.9609588156720348,0.8165922888302518,0.8887755522511434,0.879131263049056,0.96674018253025,0.9092416183112908,0.889059861585162
0.48,512,256,remove_small_components(min_area=512)+fill_small_holes(max_area=256),0.9609669488230761,0.8165676872360064,0.8887673180295412,0.8791207470371857,0.966745276777985,0.9095064143664541,0.8887776906212451
0.485,0,512,fill_small_holes(max_area=512),0.9609635556719393,0.81654155869951,0.8887525571857247,0.8791031781124846,0.9667419551368286,0.9095433886605413,0.8887114338659938
0.475,1536,256,remove_small_components(min_area=1536)+fill_small_holes(max_area=256),0.9609562018565836,0.8165372750431817,0.8887467384498826,0.8790966805686883,0.9667364766247168,0.9094113935766719,0.8888324122174245
0.48,1024,512,remove_small_components(min_area=1024)+fill_small_holes(max_area=512),0.9609648808402829,0.8164965157572208,0.8887306982987518,0.8790767100198885,0.9667414371284873,0.9097529548498169,0.888458115780483
0.485,0,256,fill_small_holes(max_area=256),0.9609613136557519,0.8164893901435692,0.8887253518996605,0.8790705120095014,0.9667386135338863,0.9097093292920568,0.8884912891002867
0.48,512,128,remove_small_components(min_area=512)+fill_small_holes(max_area=128),0.9609568124405425,0.8164900806763788,0.8887234465584607,0.8790685322868929,0.9667353687456052,0.9096150476039436,0.888582060315675
0.48,1024,256,remove_small_components(min_area=1024)+fill_small_holes(max_area=256),0.960967243615107,0.8164632208485113,0.8887152322318091,0.8790578832767183,0.9667420589381147,0.9099360934313131,0.8882441131124635
0.475,1536,128,remove_small_components(min_area=1536)+fill_small_holes(max_area=128),0.9609495648805727,0.8164775664272002,0.8887135656538865,0.8790571245433648,0.9667296966041713,0.9095185359501662,0.8886593548698928
0.485,0,128,fill_small_holes(max_area=128),0.9609527533505344,0.8164183866323937,0.8886855699914641,0.8790231183545608,0.9667300668952978,0.9098232323308267,0.8882986070016067
0.48,1024,128,remove_small_components(min_area=1024)+fill_small_holes(max_area=128),0.9609571287638755,0.816385901956067,0.8886715153599712,0.8790058524674557,0.9667321768560564,0.9100440368700211,0.8880497891262065
0.48,512,0,remove_small_components(min_area=512),0.9609467784692719,0.8163834676734333,0.8886651230713526,0.8789988696283916,0.9667245823946503,0.9098433536472351,0.8882380908605844
0.475,1536,0,remove_small_components(min_area=1536),0.9609382062145105,0.8163660016540312,0.8886521039342709,0.8789837664617343,0.9667177854065868,0.9097399112332669,0.8883160205975875
0.485,512,512,remove_small_components(min_area=512)+fill_small_holes(max_area=512),0.9609494248584237,0.8163252785423996,0.8886373517004116,0.8789651757188677,0.9667245933736325,0.9101332754818775,0.8878931087084118
0.48,1536,512,remove_small_components(min_area=1536)+fill_small_holes(max_area=512),0.9609426386477725,0.8163083048486162,0.8886254717481943,0.878951319073859,0.9667191088729851,0.9100640365245526,0.887938931753307
0.485,0,0,none,0.9609394217982833,0.8162969988329706,0.8886182103156269,0.8789427839004452,0.9667164020548311,0.9100444515761505,0.8879441989765923
0.48,1024,0,remove_small_components(min_area=1024),0.9609469008186968,0.8162786603008076,0.8886127805597522,0.8789357078746756,0.9667212308108152,0.9102711298973849,0.8877068143913268
0.485,512,256,remove_small_components(min_area=512)+fill_small_holes(max_area=256),0.9609471680515785,0.8162729587925265,0.8886100634220525,0.8789324110147346,0.9667212377974402,0.9102997233732912,0.8876728800506387
0.48,1536,256,remove_small_components(min_area=1536)+fill_small_holes(max_area=256),0.9609450021132041,0.81627496046719,0.8886099812901971,0.8789324635761321,0.9667197306826126,0.9102474826361938,0.8877249290852876
0.485,1024,512,remove_small_components(min_area=1024)+fill_small_holes(max_area=512),0.9609586139167872,0.8162500758484175,0.8886043448826023,0.8789247138077261,0.9667287993218997,0.9106260100326458,0.8873357897449583
0.49,0,512,fill_small_holes(max_area=512),0.9609374847098272,0.8162151007304552,0.8885762927201413,0.8788923443870311,0.9667123078925643,0.9103374077408535,0.8875686321740802
0.485,1024,256,remove_small_components(min_area=1024)+fill_small_holes(max_area=256),0.9609560278709368,0.8161964497398313,0.888576238805384,0.8788909887825191,0.9667251632826169,0.9107912907960471,0.8871155610871854
0.485,512,128,remove_small_components(min_area=512)+fill_small_holes(max_area=128),0.9609386002511723,0.8162018147054081,0.8885702074782902,0.8788849246521308,0.966712682176048,0.9104140835736984,0.8874800481446979
0.48,1536,128,remove_small_components(min_area=1536)+fill_small_holes(max_area=128),0.9609348891331794,0.8161975908187123,0.8885662399759459,0.8788803970599646,0.9667098486005542,0.9103556313835172,0.8875306050990305
0.49,0,256,fill_small_holes(max_area=256),0.9609359471579326,0.8161656132874457,0.8885507802226892,0.8788616711718703,0.9667095681374638,0.9105070518847754,0.8873489308378648
0.485,1024,128,remove_small_components(min_area=1024)+fill_small_holes(max_area=128),0.9609472838349119,0.8161245781531941,0.888535930994053,0.8788429706806997,0.9667164569497421,0.91090510694799,0.8869227291812445
0.49,0,128,fill_small_holes(max_area=128),0.9609274439167268,0.8160942475271097,0.8885108457219182,0.8788140828291031,0.9667010524396432,0.9106236238815824,0.8871539057536277
0.48,1536,0,remove_small_components(min_area=1536),0.9609248063104804,0.8160910618265901,0.8885079340685352,0.8788107532831261,0.9666990323069207,0.9105827959556104,0.8871888947374309
0.485,512,0,remove_small_components(min_area=512),0.9609252006452984,0.8160801646613581,0.8885026826533282,0.8788043900650078,0.966698961442581,0.910635101035513,0.8871263711791156
0.485,1536,512,remove_small_components(min_area=1536)+fill_small_holes(max_area=512),0.9609276592142476,0.8160281135094108,0.8884778863618292,0.8787743043597136,0.9666990412897243,0.9108967927234389,0.8868166836175579
0.485,1024,0,remove_small_components(min_area=1024),0.9609339407283406,0.8160034077671424,0.8884686742477415,0.878762758288502,0.9667027951035432,0.9111255404491995,0.8865708139490478
0.49,512,512,remove_small_components(min_area=512)+fill_small_holes(max_area=512),0.9609235439514162,0.8160004553805952,0.8884619996660057,0.8787554227015392,0.9666951457472261,0.9109252516964963,0.8867570483432284
0.485,1536,256,remove_small_components(min_area=1536)+fill_small_holes(max_area=256),0.9609250747629411,0.8159744300690109,0.888449752415976,0.8787405421464827,0.9666954052504415,0.9110623359598355,0.8865964549597849
0.49,0,0,none,0.9609141167949071,0.8159727986905723,0.8884434577427397,0.8787337041015398,0.9666873915915337,0.910845310184576,0.8868001508882699
0.49,512,256,remove_small_components(min_area=512)+fill_small_holes(max_area=256),0.9609220179182208,0.8159509329675371,0.888436475442879,0.8787247355054126,0.9666924149749293,0.9110954820703252,0.8865373290301417
0.49,1024,512,remove_small_components(min_area=1024)+fill_small_holes(max_area=512),0.960927975995582,0.8159054489014071,0.8884167124484945,0.8787004863969887,0.9666952545389588,0.9114023351249432,0.8861933296135991
0.485,1536,128,remove_small_components(min_area=1536)+fill_small_holes(max_area=128),0.9609163327802861,0.8159025072348712,0.8884094200075787,0.878692487062763,0.9666866989175665,0.9111763455668542,0.8864036230538441
0.49,512,128,remove_small_components(min_area=512)+fill_small_holes(max_area=128),0.9609135182766217,0.8158794845332773,0.8883965014049495,0.8786770954099304,0.966683900275198,0.9112125076951482,0.8863422320384196
0.49,1024,256,remove_small_components(min_area=1024)+fill_small_holes(max_area=256),0.9609264499401987,0.8158558829628966,0.8883911664515476,0.87866977579013,0.9666925237666618,0.9115729707414866,0.8859736103005124
0.49,1024,128,remove_small_components(min_area=1024)+fill_small_holes(max_area=128),0.9609177894912488,0.8157837634937799,0.8883507764925144,0.8786216452179139,0.9666838713306085,0.9116895229206055,0.8857785133087902
0.495,0,512,fill_small_holes(max_area=512),0.9608914882453559,0.8158092912063176,0.8883503897258367,0.8786229769102412,0.9666655963157122,0.9110481135604995,0.886414960467332
0.485,1536,0,remove_small_components(min_area=1536),0.9609033078813967,0.815782917246024,0.8883431125637103,0.878613386740029,0.966673320528726,0.9113967700414942,0.8860540388226235
0.49,512,0,remove_small_components(min_area=512),0.9609000502337375,0.8157575316527333,0.8883287909432354,0.8785963317184431,0.9666701226506416,0.9114334861996513,0.8859893939934971
0.495,0,256,fill_small_holes(max_area=256),0.960888099711683,0.8157529857571693,0.8883205427344261,0.8785871983198195,0.9666612905585161,0.9112078276623637,0.8861973684173469
0.49,1024,0,remove_small_components(min_area=1024),0.9609044096962657,0.8156625357435957,0.8882834727199307,0.8785413672079694,0.9666701835340882,0.9119095368448957,0.8854280721800385
0.495,0,128,fill_small_holes(max_area=128),0.9608799868330269,0.8156820736875847,0.8882810302603058,0.8785400812016243,0.9666530742874824,0.9113304849048253,0.8859977172849002
0.49,1536,512,remove_small_components(min_area=1536)+fill_small_holes(max_area=512),0.9608847496301842,0.8156225705753215,0.8882536601027529,0.8785067353724212,0.966654588388935,0.9116699341544501,0.8856069600261556
0.49,1536,256,remove_small_components(min_area=1536)+fill_small_holes(max_area=256),0.9608832256052308,0.8155729360310605,0.8882280808181456,0.8784759800451235,0.9666518576166382,0.9118408495440444,0.8853872407130688
0.495,512,512,remove_small_components(min_area=512)+fill_small_holes(max_area=512),0.9608740594189171,0.8155820759573852,0.8882280676881511,0.8784765858024489,0.9666454947974157,0.9116161345599502,0.8856099861328213
0.495,0,0,none,0.9608651754691278,0.815554240438695,0.8882097079539113,0.8784550387850548,0.9666381279003676,0.9115477811196699,0.8856416793568896
0.495,512,256,remove_small_components(min_area=512)+fill_small_holes(max_area=256),0.9608706793209818,0.8155257188435387,0.8881981990822603,0.8784407796745841,0.9666411950287552,0.9117763820494463,0.8853923761059649
0.49,1536,128,remove_small_components(min_area=1536)+fill_small_holes(max_area=128),0.960874567795917,0.8155007565094281,0.8881876621526725,0.8784278048428421,0.9666432051805849,0.9119576065736732,0.8851921437213467
0.495,1024,512,remove_small_components(min_area=1024)+fill_small_holes(max_area=512),0.960872083337852,0.815455570267616,0.888163826802734,0.8783992179342022,0.9666399224649107,0.9120908131396298,0.8850134536208136
0.495,512,128,remove_small_components(min_area=512)+fill_small_holes(max_area=128),0.9608625710140182,0.8154547334876476,0.8881586522508329,0.8783936165502076,0.9666329807539001,0.9118994742343393,0.8851926890197755
0.495,1024,256,remove_small_components(min_area=1024)+fill_small_holes(max_area=256),0.9608687037178166,0.8153991615491047,0.8881339326334607,0.8783633821655498,0.9666356226962503,0.9122514525861883,0.8847958435939572
0.49,1536,0,remove_small_components(min_area=1536),0.9608615194108137,0.8153812196008307,0.8881213695058221,0.8783487084986242,0.9666298138165835,0.9121773688167895,0.8848444171001585
0.5,0,512,fill_small_holes(max_area=512),0.9608370940682177,0.8153781237489082,0.8881076089085629,0.8783337541497903,0.966611957999189,0.9116901847785354,0.8852996753730592
0.495,1024,128,remove_small_components(min_area=1024)+fill_small_holes(max_area=128),0.9608605964327717,0.8153281218125006,0.8880943591226361,0.8783161859177824,0.9666274084213952,0.912374863516802,0.8845961565077679
0.495,512,0,remove_small_components(min_area=512),0.9608478821083051,0.8153275392828531,0.8880877106955791,0.8783090174575043,0.9666181461527857,0.9121167458322497,0.8848382450410186
0.5,0,256,fill_small_holes(max_area=256),0.9608283815355343,0.8152961062933797,0.888062243914457,0.8782796043008673,0.9666029432567235,0.9118456786143346,0.8850564483046274
0.5,0,128,fill_small_holes(max_area=128),0.960824069113982,0.8152426372945342,0.8880333532042581,0.8782450345149294,0.9665980606039178,0.9119750224127146,0.8848716340832778
0.495,1024,0,remove_small_components(min_area=1024),0.9608459788644571,0.8152013924876595,0.8880236856760584,0.8782319038492854,0.9666126426884418,0.9125918332671376,0.884243186632456
0.495,1536,512,remove_small_components(min_area=1536)+fill_small_holes(max_area=512),0.9608287908987898,0.8151720861650511,0.8880004385319205,0.8782050037548846,0.9665991884448153,0.9123589317970421,0.8844274555553766
0.5,512,512,remove_small_components(min_area=512)+fill_small_holes(max_area=512),0.960817933652402,0.8151374648085826,0.8879776992304923,0.8781782938716538,0.9665901637214569,0.9122775581460635,0.884463175598612
0.495,1536,256,remove_small_components(min_area=1536)+fill_small_holes(max_area=256),0.9608254135057694,0.8151156095691156,0.8879705115374426,0.8781691223117316,0.9665948886761548,0.9125198382805914,0.8842098455285202
0.5,0,0,none,0.9608065570862799,0.8151008384449197,0.8879536977655997,0.878150095130944,0.9665806958464538,0.9121937637560333,0.8844988237343622
0.5,1024,512,remove_small_components(min_area=1024)+fill_small_holes(max_area=512),0.9608302141515923,0.815076048290162,0.8879531312208772,0.8781478352963543,0.9665970884649495,0.9127795941372842,0.8839195669956555
0.5,512,256,remove_small_components(min_area=512)+fill_small_holes(max_area=256),0.9608095283272745,0.8150565103209391,0.8879330193241068,0.8781249453385466,0.9665814084822067,0.912435089607241,0.884219876622695
0.495,1536,128,remove_small_components(min_area=1536)+fill_small_holes(max_area=128),0.9608173088371306,0.8150445081574734,0.8879309084973019,0.8781218807776191,0.9665866744012998,0.9126434643680842,0.884010158442331
0.5,1024,256,remove_small_components(min_area=1024)+fill_small_holes(max_area=256),0.9608218091353218,0.8149950393074685,0.8879084242213952,0.8780944570003014,0.9665883332256994,0.9129375344226901,0.8836762680197386
0.5,512,128,remove_small_components(min_area=512)+fill_small_holes(max_area=128),0.9608049340464853,0.8150018825361731,0.8879034082913292,0.8780895232392232,0.9665762842917929,0.9125634805494153,0.8840350624013456
0.5,1024,128,remove_small_components(min_area=1024)+fill_small_holes(max_area=128),0.9608172148990268,0.8149403733009793,0.887878794100003,0.8780590145066826,0.9665832090352855,0.9130662511028284,0.8834914537983891
0.495,1536,0,remove_small_components(min_area=1536),0.9608027789823205,0.8149184187390537,0.8878605988606871,0.8780380148417598,0.966571993505936,0.9128594636990139,0.8836593338069919
0.505,0,512,fill_small_holes(max_area=512),0.9607734829560354,0.8148990215954326,0.8878362522757339,0.8780105829836584,0.9665500555033462,0.9123381443499391,0.8841255519790836
0.5,512,0,remove_small_components(min_area=512),0.9607874886924614,0.8148603758481953,0.8878239322703283,0.877994785534018,0.9665589794196863,0.9127824305394888,0.8836632707418025
0.505,0,256,fill_small_holes(max_area=256),0.9607681870583534,0.8148314198925403,0.8877998034754468,0.8779669500944323,0.9665439971013571,0.912504840692073,0.8838895156591642
0.5,1024,0,remove_small_components(min_area=1024),0.9607998925360889,0.8147996649452337,0.8877997787406613,0.8779648279660022,0.9665660219377151,0.9132846643389494,0.8831217594404955
0.5,1536,512,remove_small_components(min_area=1536)+fill_small_holes(max_area=512),0.9607821981018837,0.8147640868044541,0.887773142453169,0.8779338525693935,0.9665519907984791,0.9130664129268173,0.8832841145573246
0.505,0,128,fill_small_holes(max_area=128),0.9607566129124824,0.8147438593923814,0.8877502361524319,0.877907901684394,0.9665327216866502,0.9126242207003764,0.8836745302555148
0.5,1536,256,remove_small_components(min_area=1536)+fill_small_holes(max_area=256),0.9607737964099973,0.814682995669376,0.8877283960396867,0.8778804149734264,0.9665432355592289,0.9132246453197798,0.8830408155814077
0.505,512,512,remove_small_components(min_area=512)+fill_small_holes(max_area=512),0.9607602981536743,0.8146837571588116,0.887722027656243,0.8778736174487196,0.9665334413090281,0.9129445281048557,0.8833037752622156
0.5,1536,128,remove_small_components(min_area=1536)+fill_small_holes(max_area=128),0.9607692044765865,0.8146282669117209,0.8876987356941537,0.8778449286952088,0.9665381113688151,0.9133535958353074,0.8828560013600582
0.505,512,256,remove_small_components(min_area=512)+fill_small_holes(max_area=256),0.9607550040351084,0.8146160636070395,0.887685533821074,0.8778299289022761,0.966527382907039,0.9131117995750064,0.8830676969962632
0.505,0,0,none,0.9607425339279,0.8146171186357213,0.8876798262818106,0.877823862034874,0.9665183462066091,0.9128517711027053,0.8833122723300411
0.505,1024,512,remove_small_components(min_area=1024)+fill_small_holes(max_area=512),0.9607658387844591,0.8145914873775059,0.8876786630809825,0.8778209299022957,0.9665344643505501,0.9134345172398368,0.8827372161869238
0.505,1024,256,remove_small_components(min_area=1024)+fill_small_holes(max_area=256),0.9607605449961651,0.8145237410364314,0.8876421430162983,0.8777772118554126,0.966528405948561,0.9136022070459142,0.8825011379209714
0.505,512,128,remove_small_components(min_area=512)+fill_small_holes(max_area=128),0.960743444001753,0.8145284605414352,0.8876359522715942,0.8777708568646767,0.966516117473225,0.9132316542943253,0.8828527115926138
0.5,1536,0,remove_small_components(min_area=1536),0.9607521808480526,0.8144891907278642,0.8876206857879584,0.8777518660464535,0.9665211947534422,0.9135712818579413,0.8824894349777674
0.505,1024,128,remove_small_components(min_area=1024)+fill_small_holes(max_area=128),0.9607489860090348,0.814436079101075,0.8875925325550549,0.8777181047690117,0.966517140514747,0.9137223871995779,0.882286152517322
0.505,512,0,remove_small_components(min_area=512),0.9607292890676449,0.8144014792030536,0.8875653841353492,0.8776866254192571,0.9665016811097373,0.9134587572077986,0.8824914663642222
0.51,0,512,fill_small_holes(max_area=512),0.9607098957694932,0.814418102857436,0.8875639993134645,0.8776862228181695,0.9664881130839318,0.9129931529013927,0.8829460115545621
0.505,1536,512,remove_small_components(min_area=1536)+fill_small_holes(max_area=512),0.9607323256534487,0.8143536737107792,0.8875429996821139,0.8776594175641257,0.9665023338601328,0.9137161741041443,0.8821952374869636
0.505,1024,0,remove_small_components(min_area=1024),0.9607351355863185,0.8143106883765692,0.8875229119814438,0.8776349984566878,0.9665029796239033,0.9139494578952296,0.8819274600046523
0.51,0,256,fill_small_holes(max_area=256),0.960701509512484,0.8143367600191961,0.88751913476584,0.877632624249986,0.9664793598408602,0.9131524258407616,0.8827015261051406
0.505,1536,256,remove_small_components(min_area=1536)+fill_small_holes(max_area=256),0.9607270339700469,0.8142858616872708,0.8875064478286588,0.8776156551531901,0.9664962754581438,0.913884145923857,0.8819591592210111
0.51,0,128,fill_small_holes(max_area=128),0.9606919181531272,0.8142560663203244,0.8874739922367259,0.8775787668145564,0.9664697512352672,0.9132843460814828,0.8824835086025351
0.505,1536,128,remove_small_components(min_area=1536)+fill_small_holes(max_area=128),0.960715477612565,0.8141981391290005,0.8874568083707828,0.8775565029390389,0.9664850100243297,0.9140045429766248,0.8817441738173617
0.51,512,512,remove_small_components(min_area=512)+fill_small_holes(max_area=512),0.9606978997694212,0.8142080542403188,0.88745297700487,0.8775530144258592,0.966472539896743,0.9136027505561536,0.8821300653362795
0.51,1024,512,remove_small_components(min_area=1024)+fill_small_holes(max_area=512),0.960704813685622,0.8141262514917952,0.8874155325887085,0.8775073821718695,0.9664749093607169,0.9140786237575877,0.8815909449588529
0.51,512,256,remove_small_components(min_area=512)+fill_small_holes(max_area=256),0.9606894862443094,0.8141264750765731,0.8874079806604412,0.8774992556844221,0.9664637607033498,0.9137625442496029,0.8818854180950165
0.51,0,0,none,0.9606762153498258,0.814122906689887,0.8873995610198564,0.8774899535882834,0.9664539864149349,0.9135045753471133,0.8821216461682296
0.505,1536,0,remove_small_components(min_area=1536),0.9607015803428338,0.814072891740216,0.8873872360415249,0.8774734449193285,0.9664708201888966,0.9142299694535546,0.8813876624984075
0.51,1024,256,remove_small_components(min_area=1024)+fill_small_holes(max_area=256),0.9606964007158014,0.8140446161314855,0.8873705084236434,0.8774535915041601,0.9664661301673239,0.9142388140488137,0.8813462977175899
0.51,512,128,remove_small_components(min_area=512)+fill_small_holes(max_area=128),0.9606798937372423,0.8140456757089706,0.8873627847231065,0.8774453299293734,0.966454149103489,0.9138949331134855,0.881667358646378
0.51,1024,128,remove_small_components(min_area=1024)+fill_small_holes(max_area=128),0.9606868089239425,0.8139637633360965,0.8873252861300196,0.8773996348166594,0.9664565185674631,0.9143715400260847,0.8811282382689515
0.515,0,512,fill_small_holes(max_area=512),0.9606459385894981,0.8139355831475676,0.8872907608685329,0.8773605909765834,0.9664258512759446,0.9136462646272506,0.8817697129591616
0.51,512,0,remove_small_components(min_area=512),0.9606642691243321,0.8139129096984229,0.8872885894113776,0.8773567899994779,0.9664384561455854,0.9141152711801663,0.8813067186393196
0.51,1536,512,remove_small_components(min_area=1536)+fill_small_holes(max_area=512),0.96066323579344,0.813855753159479,0.8872594944764596,0.8773217429471024,0.9664358451440034,0.914327264064552,0.8810427762228816
0.51,1024,0,remove_small_components(min_area=1024),0.9606713259939101,0.8138318456581403,0.8872515858260253,0.8773116848198499,0.966440958355435,0.9145915081241888,0.8807695577408626
0.515,0,256,fill_small_holes(max_area=256),0.9606368709670308,0.8138492356136559,0.8872430532903433,0.8773035891103028,0.966416440292031,0.9138118629935753,0.8815142196722257
0.51,1536,256,remove_small_components(min_area=1536)+fill_small_holes(max_area=256),0.9606548257093794,0.8137740461752402,0.8872144359423098,0.8772679005454754,0.9664270659506102,0.9144877103939631,0.8807981289816186
0.515,0,128,fill_small_holes(max_area=128),0.9606304637475802,0.8137840303540665,0.8872072470508234,0.8772607800265425,0.9664096542829497,0.9139459612334784,0.8813129925673967
0.515,512,512,remove_small_components(min_area=512)+fill_small_holes(max_area=512),0.9606359093010683,0.8137330316848524,0.8871844704929603,0.8772329393645288,0.9664119598692091,0.9142658101872007,0.8809560078574987
0.51,1536,128,remove_small_components(min_area=1536)+fill_small_holes(max_area=128),0.9606452367133892,0.8136931298563149,0.8871691832848521,0.8772138964358545,0.9664174543507494,0.9146206530034958,0.8805800695329801
0.515,512,256,remove_small_components(min_area=512)+fill_small_holes(max_area=256),0.9606274096272645,0.8136493547209399,0.8871383821741021,0.8771778531013801,0.9664030509242083,0.9144323270068706,0.8807034208314198
0.515,0,0,none,0.9606120251404129,0.8136376866321532,0.887124855886283,0.8771625065730791,0.9663914700941787,0.9141635457184123,0.8809392054751414
0.515,1024,512,remove_small_components(min_area=1024)+fill_small_holes(max_area=512),0.9606317824776794,0.8136024419364897,0.8871171122070846,0.8771519048460447,0.9664047107466973,0.9147138590512915,0.8803875012878181
0.515,512,128,remove_small_components(min_area=512)+fill_small_holes(max_area=128),0.9606210015462928,0.8135840647404401,0.8871025331433664,0.8771349908548266,0.9663962629189484,0.9145668719650807,0.88050218174201
0.51,1536,0,remove_small_components(min_area=1536),0.9606297975718664,0.8135616725074806,0.8870957350396735,0.8771262306581139,0.9664019410489181,0.9148394802711974,0.8802234383682174
0.515,1024,256,remove_small_components(min_area=1024)+fill_small_holes(max_area=256),0.9606232839504272,0.8135187003359341,0.8870709921431806,0.8770967792424381,0.9663958018016965,0.9148807755111783,0.8801349142617393
0.515,1024,128,remove_small_components(min_area=1024)+fill_small_holes(max_area=128),0.960616876742491,0.8134533592848605,0.8870351180136757,0.8770538860369176,0.9663890137964365,0.9150156421409501,0.8799336751723295
0.515,512,0,remove_small_components(min_area=512),0.9606026737506022,0.8134382732022039,0.887020473476403,0.8770371035739538,0.9663781795371957,0.9147845679248942,0.8801298148225859
0.52,0,512,fill_small_holes(max_area=512),0.9605807146838123,0.8134452129071962,0.8870129637955042,0.8770294290634345,0.9663624137187741,0.9143044993904165,0.880582790032834
0.515,1536,512,remove_small_components(min_area=1536)+fill_small_holes(max_area=512),0.96059286132647,0.8133391284229464,0.8869659948747082,0.8769719643777317,0.9663678133818319,0.9149872096177543,0.8798262993201681
0.52,0,256,fill_small_holes(max_area=256),0.9605691213401379,0.8133452216790191,0.8869571715095785,0.8769628101065347,0.966350721102744,0.9144736932611338,0.8803087685838978
0.515,1024,0,remove_small_components(min_area=1024),0.9605989903496028,0.8133098503667345,0.8869544203581687,0.8769576112678925,0.9663713276542213,0.9152331922259699,0.8795647358430296
0.52,0,128,fill_small_holes(max_area=128),0.960563263318081,0.8132844484110546,0.8869238558645678,0.8769229603267196,0.9663444800504148,0.914600959170863,0.8801196938440548
0.515,1536,256,remove_small_components(min_area=1536)+fill_small_holes(max_area=256),0.9605843656485213,0.8132553120489857,0.8869198388487536,0.8769167855612294,0.966358904436831,0.9151544109958217,0.8795737122940892
0.52,512,512,remove_small_components(min_area=512)+fill_small_holes(max_area=512),0.9605716076443362,0.8132395110184589,0.8869055593313976,0.8769003476616741,0.9663490982095587,0.9149560107432924,0.8797385721883169
0.515,1536,128,remove_small_components(min_area=1536)+fill_small_holes(max_area=128),0.9605778098223238,0.8131893300939632,0.8868835699581434,0.8768734177296291,0.9663519876780527,0.915288770689053,0.8793724732046794
0.52,512,256,remove_small_components(min_area=512)+fill_small_holes(max_area=256),0.9605600288066035,0.8131394461017045,0.886849737454154,0.8768336882075488,0.9663374155744217,0.9151259153924732,0.8794644968087668
0.52,1024,512,remove_small_components(min_area=1024)+fill_small_holes(max_area=512),0.9605713346340936,0.8131249138932476,0.8868481242636705,0.8768310372480816,0.9663451807090963,0.915418406188877,0.8791775380047987
0.52,0,0,none,0.9605434703494106,0.8131312392274325,0.8868373547884215,0.8768197771056494,0.966325087175514,0.9148184252825882,0.8797390695484223
0.52,512,128,remove_small_components(min_area=512)+fill_small_holes(max_area=128),0.9605541721312769,0.8130785999929981,0.8868163860621375,0.8767937938908577,0.9663311745220925,0.9152536308779117,0.8792754160766333
0.515,1536,0,remove_small_components(min_area=1536),0.9605603968498665,0.8130483861703491,0.8868043915101078,0.8767789290980086,0.9663347297161428,0.9155054473276579,0.8790078183630349
0.52,1024,256,remove_small_components(min_area=1024)+fill_small_holes(max_area=256),0.9605597570785328,0.813024777603047,0.88679226734079,0.8767643345488249,0.9663334980739592,0.915588735533119,0.8789034626252487
0.52,1024,128,remove_small_components(min_area=1024)+fill_small_holes(max_area=128),0.960553901054356,0.8129638851517528,0.8867588931030543,0.8767244128019949,0.96632725702163,0.915716761547065,0.8787143818931152
0.52,512,0,remove_small_components(min_area=512),0.9605341883265774,0.8129247148666285,0.886729451596603,0.8766900915709015,0.9663116229509946,0.9154699954142587,0.8788959423007628
0.525,0,512,fill_small_holes(max_area=512),0.9605054651693787,0.8129104481551532,0.886707956662266,0.8766659290655111,0.9662902328994248,0.9149365418607726,0.8793714904690494
0.52,1536,512,remove_small_components(min_area=1536)+fill_small_holes(max_area=512),0.9605265099217869,0.8128380213712845,0.8866822656465356,0.876633604554223,0.9663032170429958,0.9156657180947994,0.8786143286198556
0.52,1024,0,remove_small_components(min_area=1024),0.9605338622654377,0.8128101347816595,0.8866719985235486,0.8766207593417153,0.9663076715154962,0.9159315242945992,0.8783371732030261
0.525,0,256,fill_small_holes(max_area=256),0.9604962184901492,0.8128214148783803,0.8866588166842648,0.8766071723334979,0.9662806063282247,0.915109184846842,0.8791079195746179
0.52,1536,256,remove_small_components(min_area=1536)+fill_small_holes(max_area=256),0.9605149360353755,0.8127378021019978,0.8866263690686866,0.876566839744078,0.9662915344078586,0.9158363260115584,0.8783402532403056
0.525,0,128,fill_small_holes(max_area=128),0.9604890549822478,0.812753449215601,0.8866212520989244,0.8765622605446982,0.9662731815419978,0.915238824739741,0.8789088317174713
0.525,512,512,remove_small_components(min_area=512)+fill_small_holes(max_area=512),0.9604949041922616,0.8126960988892986,0.88659550154078,0.8765308070226515,0.9662755839429183,0.9155933356740337,0.8785151382364175
0.52,1536,128,remove_small_components(min_area=1536)+fill_small_holes(max_area=128),0.9605087584706876,0.8126756034892891,0.8865921809799884,0.8765259472804544,0.9662850168847963,0.9159629709446075,0.8781511725081721
0.525,512,256,remove_small_components(min_area=512)+fill_small_holes(max_area=256),0.9604856618326493,0.8126069421104756,0.8865463019715625,0.8764719751700296,0.9662659583698076,0.9157667177973986,0.8782514295193062
0.525,1024,512,remove_small_components(min_area=1024)+fill_small_holes(max_area=512),0.9604932113763791,0.8125829997150746,0.8865381055457269,0.8764616173875428,0.966270685320684,0.916020362311718,0.8779903154639498
0.525,0,0,none,0.9604686464853422,0.8125957784281738,0.8865322124567581,0.8764560116082786,0.9662531958020588,0.9154614961268327,0.8785192908936834
0.525,512,128,remove_small_components(min_area=512)+fill_small_holes(max_area=128),0.9604785127915002,0.8125389470068511,0.8865087298991756,0.8764270511396303,0.9662585445625629,0.9158968829375098,0.8780523416621596
0.52,1536,0,remove_small_components(min_area=1536),0.9604892546446437,0.812524523920603,0.8865068892826233,0.8764241734796383,0.9662659074672537,0.9161776506804428,0.8777776191152434
0.525,1024,256,remove_small_components(min_area=1024)+fill_small_holes(max_area=256),0.9604839700501213,0.812493780491125,0.8864888752706231,0.8764027478893224,0.9662610597475731,0.9161941384107861,0.8777266067468384
0.525,1024,128,remove_small_components(min_area=1024)+fill_small_holes(max_area=128),0.9604768218065933,0.8124257380064384,0.8864512799065158,0.8763577952423565,0.9662536459403285,0.9163246000681912,0.8775275188896918
0.525,512,0,remove_small_components(min_area=512),0.960457792453748,0.812380088506396,0.886418940480072,0.8763199071317019,0.9662382953270513,0.9161180339110335,0.8776637655971306
0.53,0,512,fill_small_holes(max_area=512),0.960429817313879,0.812377126119331,0.8864034717166049,0.8763029415475477,0.9662178075481995,0.9155532512688371,0.878179294327146
0.525,1536,512,remove_small_components(min_area=1536)+fill_small_holes(max_area=512),0.9604480403604548,0.8122932512603629,0.8863706458104088,0.8762621887996305,0.9662283743195107,0.9162714046298066,0.8774217250022032
0.525,1024,0,remove_small_components(min_area=1024),0.9604562737331482,0.8122680064202401,0.8863621400766941,0.8762514217819685,0.9662335603914605,0.9165447745035682,0.877141753208873
0.53,0,256,fill_small_holes(max_area=256),0.9604163215416903,0.8122692228931455,0.886342772217418,0.8762304650094245,0.9662044730752878,0.9157151476498819,0.8779043500654841
0.525,1536,256,remove_small_components(min_area=1536)+fill_small_holes(max_area=256),0.9604388023827141,0.8122039508028688,0.8863213765927914,0.8762032600143734,0.9662187487463999,0.9164454642511053,0.8771580162850919
0.53,0,128,fill_small_holes(max_area=128),0.960411259037974,0.8122096635903543,0.8863104613141641,0.8761917531875583,0.9661988528344969,0.9158536835474744,0.8777075033249572
0.53,512,512,remove_small_components(min_area=512)+fill_small_holes(max_area=512),0.9604178592548231,0.8121604152287877,0.8862891372418054,0.8761655992034665,0.966202069676278,0.9161907601919276,0.8773406732818877
0.525,1536,128,remove_small_components(min_area=1536)+fill_small_holes(max_area=128),0.9604314650000906,0.8121351078879911,0.8862832864440409,0.876157712087786,0.9662111712525117,0.9165751977889742,0.8769589284279453
0.53,512,256,remove_small_components(min_area=512)+fill_small_holes(max_area=256),0.9604044018133178,0.8120525243322791,0.8862284630727985,0.8760931449268524,0.9661887651460449,0.916353456262966,0.8770656750896119
0.53,0,0,none,0.9603892509214119,0.812043804709421,0.8862165278154164,0.8760796496888799,0.9661774358345163,0.9160764226827737,0.8773094354718917
0.53,1024,512,remove_small_components(min_area=1024)+fill_small_holes(max_area=512),0.9604038575542726,0.8119890885085654,0.886196473031419,0.8760545474808442,0.9661863158349278,0.9166013226568522,0.8767647662335297
0.53,512,128,remove_small_components(min_area=512)+fill_small_holes(max_area=128),0.9603993822438097,0.8119930322539088,0.8861962072488593,0.8760544958106451,0.9661831798383792,0.9164927458956487,0.8768687324724381
0.525,1536,0,remove_small_components(min_area=1536),0.9604113157138785,0.8119794434993722,0.8861953796066253,0.8760527799594074,0.9661914430196095,0.9167949452676367,0.8765764405299901
0.53,1024,256,remove_small_components(min_area=1024)+fill_small_holes(max_area=256),0.9603904023753109,0.8118811185442025,0.8861357604597567,0.875982040749204,0.9661730113046947,0.9167644005212993,0.876489768041254
0.53,1024,128,remove_small_components(min_area=1024)+fill_small_holes(max_area=128),0.9603853839072999,0.8118215739889266,0.8861034789481133,0.8759433586839667,0.9661674259970289,0.9169039991877592,0.8762928254240803
0.53,512,0,remove_small_components(min_area=512),0.9603770886674086,0.8118261375889385,0.8861016131281736,0.8759416012805317,0.966161523296969,0.9167138504000314,0.8764718930389103
0.535,0,512,fill_small_holes(max_area=512),0.9603511671611301,0.8118256727530123,0.8860884199570712,0.8759272286819959,0.9661426045144809,0.9161807250642647,0.8769592520116284
0.53,1536,512,remove_small_components(min_area=1536)+fill_small_holes(max_area=512),0.9603702351694708,0.8117519347728362,0.8860610849711535,0.8758930673741715,0.966154125459153,0.9168753487287261,0.8762378521517029
0.535,0,256,fill_small_holes(max_area=256),0.9603380757208436,0.8117209856329827,0.8860295306769131,0.8758568862764295,0.9661296692772849,0.9163376188621608,0.8766934340082867
0.53,1024,0,remove_small_components(min_area=1024),0.9603632696942441,0.8116558453181428,0.8860095575061935,0.875831255769486,0.966145939130798,0.9171240266963188,0.8758989461820232
0.53,1536,256,remove_small_components(min_area=1536)+fill_small_holes(max_area=256),0.9603567831762461,0.8116438885534067,0.8860003358648264,0.8758205042977758,0.96614082092892,0.9170387083788499,0.8759628539594272
0.535,0,128,fill_small_holes(max_area=128),0.9603306641044558,0.811651356251863,0.8859910101781594,0.8758108022169151,0.9661220109381643,0.9164686858455847,0.8764922967878142
0.53,1536,128,remove_small_components(min_area=1536)+fill_small_holes(max_area=128),0.9603516411460172,0.8115840621619845,0.8859678516540008,0.8757815793015514,0.9661351368104145,0.91717687220194,0.8757671637309528
0.535,512,512,remove_small_components(min_area=512)+fill_small_holes(max_area=512),0.9603339183230987,0.8115854943045614,0.88595970631383,0.8757727953173791,0.966122254471951,0.9168046034610549,0.8761085145551266
0.535,512,256,remove_small_components(min_area=512)+fill_small_holes(max_area=256),0.960320831302889,0.8114806949666008,0.8859007631347449,0.875702380023306,0.9661093202328445,0.9169620798762923,0.8758426725826233
0.535,0,0,none,0.9603065999107532,0.8114757372619209,0.8858911685863371,0.8756916390822935,0.9660987784137656,0.9166884110246453,0.8760867146025532
0.53,1536,0,remove_small_components(min_area=1536),0.9603297638382079,0.8114196882532471,0.8858747260457275,0.8756704043202774,0.9661138665295596,0.9173961035006719,0.8753760649116539
0.535,1024,512,remove_small_components(min_area=1024)+fill_small_holes(max_area=512),0.9603194426156915,0.8114115930541079,0.8858655178348998,0.8756598916330994,0.966106074446474,0.91721561340871,0.8755310375266768
0.535,512,128,remove_small_components(min_area=512)+fill_small_holes(max_area=128),0.9603130287784183,0.8114089802442046,0.8858610045113114,0.8756548197604318,0.9661013105662938,0.917093659593956,0.8756391444382703
0.535,1024,256,remove_small_components(min_area=1024)+fill_small_holes(max_area=256),0.9603063578194677,0.8113067167209742,0.885806537270221,0.8755894250892885,0.9660931402073675,0.9173734600070763,0.8752651955541735
0.535,1536,512,remove_small_components(min_area=1536)+fill_small_holes(max_area=512),0.9603016843283624,0.8112406745796499,0.8857711794540062,0.8755469934309085,0.9660875978175413,0.9175466649971139,0.8750307471912172
0.535,1024,128,remove_small_components(min_area=1024)+fill_small_holes(max_area=128),0.960298556747907,0.81123494499332,0.8857667508706135,0.8755418277913231,0.9660851305408168,0.9175053404975585,0.8750616674098205
0.535,512,0,remove_small_components(min_area=512),0.9602893475354989,0.8112355310349694,0.8857624392852341,0.8755371611313217,0.9660784293693251,0.9173124061950901,0.8752379186481498
0.54,0,512,fill_small_holes(max_area=512),0.9602680542075472,0.8112539035920355,0.8857609788997913,0.8755366586481985,0.9660634869745675,0.9167975786424928,0.8757285254422794
0.535,1536,256,remove_small_components(min_area=1536)+fill_small_holes(max_area=256),0.960288601728883,0.8111357305568556,0.8857121661428693,0.8754764804289203,0.9660746635784346,0.9177048166026842,0.8747649052187139
0.54,0,256,fill_small_holes(max_area=256),0.9602563154058755,0.8111576491311826,0.8857069822685291,0.8754721185379833,0.9660518113260553,0.916947768508103,0.8754794079523578
0.535,1536,128,remove_small_components(min_area=1536)+fill_small_holes(max_area=128),0.9602805696370823,0.8110630113206905,0.8856717904788864,0.875428180760645,0.9660664552921153,0.9178357964128616,0.8745613770743609
0.535,1024,0,remove_small_components(min_area=1024),0.9602750699884686,0.8110627235013306,0.8856688967448996,0.8754250056829703,0.9660624319941882,0.9177230572247055,0.8746634257803327
0.54,0,128,fill_small_holes(max_area=128),0.9602469450857685,0.8110785481783813,0.8856627466320749,0.8754192279183687,0.9660424183077491,0.9170768879172543,0.8752696178645086
0.54,512,512,remove_small_components(min_area=512)+fill_small_holes(max_area=512),0.9602467222774472,0.8109985669974,0.8856226446374236,0.8753707907149285,0.9660396725641128,0.9173986073697581,0.8748836843995579
0.535,1536,0,remove_small_components(min_area=1536),0.9602571721087977,0.8108915352957407,0.8855743537022691,0.8753118453503094,0.9660438465735227,0.9180522449249092,0.8741656641914333
0.54,512,256,remove_small_components(min_area=512)+fill_small_holes(max_area=256),0.9602349809687589,0.8109021458231409,0.8855685633959499,0.8753061406939475,0.9660279909270649,0.9175494495131765,0.8746343691640521
0.54,0,0,none,0.9602218377593907,0.8108976523505734,0.8855597450549821,0.8752962570583211,0.9660182535679537,0.9172961441707612,0.8748594276079094
0.54,1024,512,remove_small_components(min_area=1024)+fill_small_holes(max_area=512),0.96023066812946,0.8108185657357734,0.8855246169326167,0.875253298883619,0.9660221461161839,0.9178015444789088,0.8743082447498532
0.54,512,128,remove_small_components(min_area=512)+fill_small_holes(max_area=128),0.9602256566615156,0.81082311532231,0.8855243859919129,0.8752533115420974,0.9660186348380623,0.9176792634458759,0.8744245311378795
0.54,1536,512,remove_small_components(min_area=1536)+fill_small_holes(max_area=512),0.9602329461715748,0.8107315163083093,0.8854822312399421,0.8752019629354717,0.9660210023058577,0.9182045411787896,0.8738417209709498
0.54,1024,256,remove_small_components(min_area=1024)+fill_small_holes(max_area=256),0.9602189289181559,0.8107220725924503,0.8854705007553031,0.875188600754865,0.966010464479136,0.9179527335997867,0.8740589295143476
0.54,1536,256,remove_small_components(min_area=1536)+fill_small_holes(max_area=256),0.9602212079170951,0.8106349675341622,0.8854280877256286,0.8751372313809553,0.9660093206688098,0.9183560590344229,0.873592405735444
0.54,1024,128,remove_small_components(min_area=1024)+fill_small_holes(max_area=128),0.9602096063134574,0.8106429819484844,0.885426294130971,0.8751357316383672,0.9660011083901334,0.918082844160234,0.8738490914881749
0.54,512,0,remove_small_components(min_area=512),0.9602005504959533,0.8106424851743175,0.8854215178351355,0.8751304844457284,0.9659944810772491,0.9178973838157426,0.8740165999747712
0.545,0,512,fill_small_holes(max_area=512),0.9601801804984499,0.8106595586943767,0.8854198695964133,0.8751296796991489,0.9659801624882977,0.9174066331453815,0.8744818833495563
0.54,1536,128,remove_small_components(min_area=1536)+fill_small_holes(max_area=128),0.960211886066921,0.8105558307285666,0.8853838583977438,0.8750843346613392,0.9659999645798073,0.9184864505058852,0.8733825677092715
0.545,0,256,fill_small_holes(max_area=256),0.9601683729001155,0.8105641138957461,0.8853662433979308,0.8750655637387051,0.9659684628856425,0.9175518678699719,0.8742389319264842
0.545,0,128,fill_small_holes(max_area=128),0.9601600549976363,0.8104903658137877,0.8853252104057121,0.875016459993587,0.9659600110655365,0.9176807184126541,0.8740362247259197
0.54,1024,0,remove_small_components(min_area=1024),0.9601845346731844,0.8104627164463324,0.8853236255597584,0.8750131310321796,0.9659769925567132,0.9183001276242158,0.8734429580121947
0.545,512,512,remove_small_components(min_area=512)+fill_small_holes(max_area=512),0.9601599003571578,0.810402635104214,0.8852812677306858,0.874963365917086,0.9659570686983101,0.9180354418428529,0.8736127315845724
0.54,1536,0,remove_small_components(min_area=1536),0.9601867032245784,0.8103757432635831,0.8852812232440808,0.8749617784692296,0.9659757748877796,0.9187007482452462,0.8729798977771581
0.545,512,256,remove_small_components(min_area=512)+fill_small_holes(max_area=256),0.9601481011828417,0.8103070845396066,0.8852275928612241,0.8748991829408224,0.9659453730880122,0.9181813083031065,0.873369678292563
0.545,0,0,none,0.9601306732650541,0.810289159010672,0.885209916137863,0.8748788247941269,0.9659320695558685,0.9178939654498628,0.8736089804107652
0.545,1024,512,remove_small_components(min_area=1024)+fill_small_holes(max_area=512),0.9601508158270075,0.8102575154090749,0.8852041656180412,0.8748707180662141,0.9659457583504781,0.9184399676747512,0.8730782252707747
0.545,512,128,remove_small_components(min_area=512)+fill_small_holes(max_area=128),0.9601396711708862,0.8102328055381723,0.8851862383545293,0.8748496918390811,0.9659368234551557,0.91831005909997,0.8731669531151273
0.545,1536,512,remove_small_components(min_area=1536)+fill_small_holes(max_area=512),0.9601519033264729,0.8101632546275646,0.8851575789770187,0.8748143656442229,0.9659435176400225,0.9188478536641403,0.8726006037700004
0.545,1024,256,remove_small_components(min_area=1024)+fill_small_holes(max_area=256),0.9601390183121884,0.8101619001808674,0.8851504592465279,0.8748064931320433,0.9659340627401802,0.9185861648736257,0.8728351719787653
0.545,1024,128,remove_small_components(min_area=1024)+fill_small_holes(max_area=128),0.9601305895372357,0.8100875686000353,0.8851090790686356,0.8747569684015394,0.9659255131073238,0.9187152023097345,0.8726324468013295
0.545,1536,256,remove_small_components(min_area=1536)+fill_small_holes(max_area=256),0.9601401068582341,0.8100675830584503,0.8851038449583422,0.8747501064388306,0.9659318220297246,0.9189943746150472,0.8723575504779909
0.545,512,0,remove_small_components(min_area=512),0.9601104072974572,0.8100323188333269,0.8850713630653921,0.8747125358935993,0.9659089927333989,0.9185226724803633,0.8727420817469818
0.55,0,512,fill_small_holes(max_area=512),0.9600860716530922,0.810041178859614,0.8850636252563531,0.8747045770770483,0.9658915052109524,0.9179831181660846,0.8732400470737558
0.545,1536,128,remove_small_components(min_area=1536)+fill_small_holes(max_area=128),0.9601316788247818,0.8099932061728935,0.8850624424988376,0.8747005545032882,0.9659232723968681,0.9191236924622679,0.8721548253005552
0.55,0,256,fill_small_holes(max_area=256),0.9600763456701493,0.8099534744954333,0.8850149100827913,0.8746462488916878,0.965881575220608,0.9181395676842323,0.8729966342443207
0.545,1024,0,remove_small_components(min_area=1024),0.9601014759003028,0.809888040213566,0.8849947580569344,0.8746204633175815,0.9658978241142461,0.9189269546579919,0.8722100682260017
0.55,0,128,fill_small_holes(max_area=128),0.9600687988399341,0.8098840168398982,0.8849764078399162,0.8746001389910865,0.9658738250572727,0.9182666869282915,0.8728010698539451
0.545,1536,0,remove_small_components(min_area=1536),0.9601025976202733,0.8097943198116601,0.8849484587159666,0.8745644510595428,0.9658956293158978,0.9193334957944697,0.8717355207702164
0.55,512,512,remove_small_components(min_area=512)+fill_small_holes(max_area=512),0.9600680279214783,0.8097939717054656,0.884930999813472,0.8745452945607312,0.9658703616874371,0.9186180092188128,0.8723794103534687
0.55,512,256,remove_small_components(min_area=512)+fill_small_holes(max_area=256),0.9600583180633713,0.8097061969700365,0.8848822575167039,0.8744869271538043,0.9658604426760751,0.9187751609265906,0.8721358956550963
0.55,0,0,none,0.9600356731803033,0.8096650489415355,0.8848503610609193,0.8744496524092531,0.9658425748816091,0.9184743229208491,0.8723593721342807
0.55,512,128,remove_small_components(min_area=512)+fill_small_holes(max_area=128),0.9600508188185027,0.809636831337933,0.8848438250782178,0.8744408947143065,0.965852731438222,0.9189029615088022,0.8719403192801399
0.55,1024,512,remove_small_components(min_area=1024)+fill_small_holes(max_area=512),0.9600432227166179,0.8095796496079647,0.8848114361622913,0.8744021712413674,0.9658453415851204,0.9189790096405338,0.8718055466761463
0.55,1536,512,remove_small_components(min_area=1536)+fill_small_holes(max_area=512),0.9600454797651329,0.8094824538221066,0.8847639667936198,0.8743446686542813,0.9658438654110607,0.9194229046096027,0.871293823050552
0.55,1024,256,remove_small_components(min_area=1024)+fill_small_holes(max_area=256),0.9600335151211989,0.8094918037156287,0.8847626594184138,0.8743437550535973,0.9658354225737583,0.9191364894092857,0.8715620319777739
0.55,1024,128,remove_small_components(min_area=1024)+fill_small_holes(max_area=128),0.9600260176599835,0.809422381056447,0.8847241993582153,0.8742976836785952,0.9658277113359053,0.9192645559376731,0.8713664556028177
0.55,512,0,remove_small_components(min_area=512),0.9600177272592338,0.8094179423698079,0.8847178348145208,0.8742904528273346,0.9658215102071478,0.9191108033802764,0.8714995024271682
0.55,1536,256,remove_small_components(min_area=1536)+fill_small_holes(max_area=256),0.9600357730304638,0.8093945502674708,0.8847151616489672,0.8742862181969434,0.9658339463996987,0.9195807533843716,0.8710503083521797
0.55,1536,128,remove_small_components(min_area=1536)+fill_small_holes(max_area=128),0.960028683067521,0.8093271031866919,0.8846778931271064,0.8742415647133638,0.9658265974682579,0.9197093033844912,0.8708569071786483
0.55,1024,0,remove_small_components(min_area=1024),0.9599928159301055,0.8092033849115777,0.8845981004208416,0.8741470939446003,0.9657964062653307,0.9194703550393354,0.8709279397893699
0.55,1536,0,remove_small_components(min_area=1536),0.959995533758173,0.8091086617610433,0.8845520977596082,0.874091334504516,0.965795350286862,0.9199138942455851,0.8704207463353384
